{
  "TC01-01 GET Quiz Info" : {
    "transaction" : "TC01-01 GET Quiz Info",
    "sampleCount" : 3511,
    "errorCount" : 0,
    "errorPct" : 0.0,
    "meanResTime" : 529.4742238678434,
    "medianResTime" : 308.0,
    "minResTime" : 234.0,
    "maxResTime" : 1665.0,
    "pct1ResTime" : 934.0,
    "pct2ResTime" : 944.3999999999996,
    "pct3ResTime" : 1005.2800000000007,
    "throughput" : 11.672479080297746,
    "receivedKBytesPerSec" : 365.6480341651069,
    "sentKBytesPerSec" : 13.53437387796591
  },
  "Total" : {
    "transaction" : "Total",
    "sampleCount" : 10516,
    "errorCount" : 0,
    "errorPct" : 0.0,
    "meanResTime" : 528.7533282617004,
    "medianResTime" : 311.0,
    "minResTime" : 229.0,
    "maxResTime" : 1665.0,
    "pct1ResTime" : 936.3000000000011,
    "pct2ResTime" : 949.0,
    "pct3ResTime" : 980.4899999999998,
    "throughput" : 34.95673621891506,
    "receivedKBytesPerSec" : 383.21901014052,
    "sentKBytesPerSec" : 45.930529807839335
  },
  "TC01-02 GET Questions" : {
    "transaction" : "TC01-02 GET Questions",
    "sampleCount" : 3507,
    "errorCount" : 0,
    "errorPct" : 0.0,
    "meanResTime" : 519.6099230111203,
    "medianResTime" : 305.0,
    "minResTime" : 229.0,
    "maxResTime" : 1335.0,
    "pct1ResTime" : 931.0,
    "pct2ResTime" : 939.0,
    "pct3ResTime" : 955.0,
    "throughput" : 11.750003350442928,
    "receivedKBytesPerSec" : 4.881300874381843,
    "sentKBytesPerSec" : 13.73898855991262
  },
  "TC01-04 POST Quiz Result" : {
    "transaction" : "TC01-04 POST Quiz Result",
    "sampleCount" : 3498,
    "errorCount" : 0,
    "errorPct" : 0.0,
    "meanResTime" : 537.1966838193251,
    "medianResTime" : 318.0,
    "minResTime" : 240.0,
    "maxResTime" : 1332.0,
    "pct1ResTime" : 949.0,
    "pct2ResTime" : 960.0,
    "pct3ResTime" : 1009.0899999999979,
    "throughput" : 11.89840436206797,
    "receivedKBytesPerSec" : 13.068891528467052,
    "sentKBytesPerSec" : 19.203242271607103
  }
}