{
  "TC01-01 GET Quiz Info" : {
    "transaction" : "TC01-01 GET Quiz Info",
    "sampleCount" : 17432,
    "errorCount" : 0,
    "errorPct" : 0.0,
    "meanResTime" : 541.6151330885708,
    "medianResTime" : 343.0,
    "minResTime" : 226.0,
    "maxResTime" : 2061.0,
    "pct1ResTime" : 926.0,
    "pct2ResTime" : 942.0,
    "pct3ResTime" : 1240.6699999999983,
    "throughput" : 29.02701550594128,
    "receivedKBytesPerSec" : 909.1898930906812,
    "sentKBytesPerSec" : 33.65818279187287
  },
  "Total" : {
    "transaction" : "Total",
    "sampleCount" : 52235,
    "errorCount" : 0,
    "errorPct" : 0.0,
    "meanResTime" : 539.4770364697965,
    "medianResTime" : 376.0,
    "minResTime" : 226.0,
    "maxResTime" : 2113.0,
    "pct1ResTime" : 911.0,
    "pct2ResTime" : 934.0,
    "pct3ResTime" : 1209.9900000000016,
    "throughput" : 86.95688363575827,
    "receivedKBytesPerSec" : 952.8004388759988,
    "sentKBytesPerSec" : 114.27374280786998
  },
  "TC01-02 GET Questions" : {
    "transaction" : "TC01-02 GET Questions",
    "sampleCount" : 17407,
    "errorCount" : 0,
    "errorPct" : 0.0,
    "meanResTime" : 533.7310851956091,
    "medianResTime" : 334.0,
    "minResTime" : 227.0,
    "maxResTime" : 2113.0,
    "pct1ResTime" : 924.0,
    "pct2ResTime" : 937.0,
    "pct3ResTime" : 1179.9199999999983,
    "throughput" : 29.10543467537918,
    "receivedKBytesPerSec" : 12.091278286964505,
    "sentKBytesPerSec" : 34.03343180770298
  },
  "TC01-04 POST Quiz Result" : {
    "transaction" : "TC01-04 POST Quiz Result",
    "sampleCount" : 17396,
    "errorCount" : 0,
    "errorPct" : 0.0,
    "meanResTime" : 543.0840997930611,
    "medianResTime" : 344.0,
    "minResTime" : 237.0,
    "maxResTime" : 1820.0,
    "pct1ResTime" : 938.0,
    "pct2ResTime" : 955.0,
    "pct3ResTime" : 1094.0899999999965,
    "throughput" : 29.262105774875568,
    "receivedKBytesPerSec" : 32.14070225910404,
    "sentKBytesPerSec" : 47.22836775312495
  }
}