{
  "TC02-H1 Create Room (Firestore)" : {
    "transaction" : "TC02-H1 Create Room (Firestore)",
    "sampleCount" : 215,
    "errorCount" : 0,
    "errorPct" : 0.0,
    "meanResTime" : 322.68372093023277,
    "medianResTime" : 268.0,
    "minResTime" : 241.0,
    "maxResTime" : 1614.0,
    "pct1ResTime" : 327.4,
    "pct2ResTime" : 888.9999999999952,
    "pct3ResTime" : 1288.44,
    "throughput" : 0.7285665875974247,
    "receivedKBytesPerSec" : 0.8056855726872246,
    "sentKBytesPerSec" : 1.1748334780582852
  },
  "TC02-P3 Submit Answer (validateAnswer)" : {
    "transaction" : "TC02-P3 Submit Answer (validateAnswer)",
    "sampleCount" : 100,
    "errorCount" : 100,
    "errorPct" : 100.0,
    "meanResTime" : 60691.279999999984,
    "medianResTime" : 60341.5,
    "minResTime" : 60240.0,
    "maxResTime" : 62225.0,
    "pct1ResTime" : 61843.3,
    "pct2ResTime" : 62009.65,
    "pct3ResTime" : 62224.52,
    "throughput" : 0.2945646922977224,
    "receivedKBytesPerSec" : 0.09136108034546547,
    "sentKBytesPerSec" : 0.35471169572792827
  },
  "Total" : {
    "transaction" : "Total",
    "sampleCount" : 569,
    "errorCount" : 104,
    "errorPct" : 18.27768,
    "meanResTime" : 10942.673110720563,
    "medianResTime" : 275.0,
    "minResTime" : 241.0,
    "maxResTime" : 62225.0,
    "pct1ResTime" : 60328.0,
    "pct2ResTime" : 60554.0,
    "pct3ResTime" : 62005.1,
    "throughput" : 1.6260302001531726,
    "receivedKBytesPerSec" : 1.5277717126113073,
    "sentKBytesPerSec" : 2.372042885296286
  },
  "TC02-P1 Join Room (RTDB)" : {
    "transaction" : "TC02-P1 Join Room (RTDB)",
    "sampleCount" : 20,
    "errorCount" : 0,
    "errorPct" : 0.0,
    "meanResTime" : 526.75,
    "medianResTime" : 522.5,
    "minResTime" : 478.0,
    "maxResTime" : 602.0,
    "pct1ResTime" : 581.1,
    "pct2ResTime" : 601.05,
    "pct3ResTime" : 602.0,
    "throughput" : 0.6907269901571405,
    "receivedKBytesPerSec" : 0.2661389980141599,
    "sentKBytesPerSec" : 1.5305606220859955
  },
  "TC02-P2 Get Player Questions" : {
    "transaction" : "TC02-P2 Get Player Questions",
    "sampleCount" : 20,
    "errorCount" : 4,
    "errorPct" : 20.0,
    "meanResTime" : 447.35,
    "medianResTime" : 417.5,
    "minResTime" : 354.0,
    "maxResTime" : 956.0,
    "pct1ResTime" : 484.3,
    "pct2ResTime" : 932.4499999999996,
    "pct3ResTime" : 956.0,
    "throughput" : 0.6939625260235947,
    "receivedKBytesPerSec" : 0.2376008414295628,
    "sentKBytesPerSec" : 0.8440386992539902
  },
  "TC02-H2 Start Game" : {
    "transaction" : "TC02-H2 Start Game",
    "sampleCount" : 214,
    "errorCount" : 0,
    "errorPct" : 0.0,
    "meanResTime" : 319.5981308411213,
    "medianResTime" : 273.0,
    "minResTime" : 242.0,
    "maxResTime" : 1285.0,
    "pct1ResTime" : 309.5,
    "pct2ResTime" : 573.0,
    "pct3ResTime" : 1278.35,
    "throughput" : 0.735228436162245,
    "receivedKBytesPerSec" : 0.8633404880679983,
    "sentKBytesPerSec" : 1.0111068559192762
  }
}