{
  "TC01-01 GET Quiz Info" : {
    "transaction" : "TC01-01 GET Quiz Info",
    "sampleCount" : 28590,
    "errorCount" : 0,
    "errorPct" : 0.0,
    "meanResTime" : 552.3450856942977,
    "medianResTime" : 340.0,
    "minResTime" : 229.0,
    "maxResTime" : 2073.0,
    "pct1ResTime" : 931.0,
    "pct2ResTime" : 952.0,
    "pct3ResTime" : 1209.0,
    "throughput" : 95.06487288107414,
    "receivedKBytesPerSec" : 2977.622307129117,
    "sentKBytesPerSec" : 110.23249501441434
  },
  "Total" : {
    "transaction" : "Total",
    "sampleCount" : 85575,
    "errorCount" : 0,
    "errorPct" : 0.0,
    "meanResTime" : 547.2569091440337,
    "medianResTime" : 315.5,
    "minResTime" : 224.0,
    "maxResTime" : 2073.0,
    "pct1ResTime" : 919.0,
    "pct2ResTime" : 943.0,
    "pct3ResTime" : 1157.9600000000064,
    "throughput" : 284.4866275494091,
    "receivedKBytesPerSec" : 3120.296598658184,
    "sentKBytesPerSec" : 373.7864302403135
  },
  "TC01-02 GET Questions" : {
    "transaction" : "TC01-02 GET Questions",
    "sampleCount" : 28532,
    "errorCount" : 0,
    "errorPct" : 0.0,
    "meanResTime" : 534.6290480863638,
    "medianResTime" : 325.0,
    "minResTime" : 224.0,
    "maxResTime" : 1823.0,
    "pct1ResTime" : 928.0,
    "pct2ResTime" : 942.0,
    "pct3ResTime" : 1191.0,
    "throughput" : 95.56249979066816,
    "receivedKBytesPerSec" : 39.6995098913484,
    "sentKBytesPerSec" : 111.74251701449245
  },
  "TC01-04 POST Quiz Result" : {
    "transaction" : "TC01-04 POST Quiz Result",
    "sampleCount" : 28453,
    "errorCount" : 0,
    "errorPct" : 0.0,
    "meanResTime" : 554.8071556602087,
    "medianResTime" : 343.0,
    "minResTime" : 237.0,
    "maxResTime" : 1949.0,
    "pct1ResTime" : 947.0,
    "pct2ResTime" : 963.0,
    "pct3ResTime" : 1207.0,
    "throughput" : 96.77627819651165,
    "receivedKBytesPerSec" : 106.29536441185274,
    "sentKBytesPerSec" : 156.19450685121663
  }
}