{
  "TC02-H1 Create Room (Firestore)" : {
    "transaction" : "TC02-H1 Create Room (Firestore)",
    "sampleCount" : 859,
    "errorCount" : 0,
    "errorPct" : 0.0,
    "meanResTime" : 334.35506402793953,
    "medianResTime" : 271.0,
    "minResTime" : 239.0,
    "maxResTime" : 1646.0,
    "pct1ResTime" : 331.0,
    "pct2ResTime" : 1255.0,
    "pct3ResTime" : 1346.1999999999998,
    "throughput" : 1.4390345234266109,
    "receivedKBytesPerSec" : 1.5787946918430698,
    "sentKBytesPerSec" : 2.3080002294037136
  },
  "TC02-P3 Submit Answer (validateAnswer)" : {
    "transaction" : "TC02-P3 Submit Answer (validateAnswer)",
    "sampleCount" : 250,
    "errorCount" : 250,
    "errorPct" : 100.0,
    "meanResTime" : 60826.50000000001,
    "medianResTime" : 60354.0,
    "minResTime" : 60234.0,
    "maxResTime" : 62873.0,
    "pct1ResTime" : 62014.6,
    "pct2ResTime" : 62294.65,
    "pct3ResTime" : 62690.3,
    "throughput" : 0.6737636437137853,
    "receivedKBytesPerSec" : 0.20905096179760138,
    "sentKBytesPerSec" : 0.8118878225643444
  },
  "Total" : {
    "transaction" : "Total",
    "sampleCount" : 45546,
    "errorCount" : 268,
    "errorPct" : 0.5884161,
    "meanResTime" : 627.5039959601265,
    "medianResTime" : 270.0,
    "minResTime" : 216.0,
    "maxResTime" : 62873.0,
    "pct1ResTime" : 331.0,
    "pct2ResTime" : 359.9500000000007,
    "pct3ResTime" : 558.0,
    "throughput" : 74.98641729366634,
    "receivedKBytesPerSec" : 29.874086961733813,
    "sentKBytesPerSec" : 129.0980269446937
  },
  "TC02-P1 Join Room (RTDB)" : {
    "transaction" : "TC02-P1 Join Room (RTDB)",
    "sampleCount" : 21805,
    "errorCount" : 0,
    "errorPct" : 0.0,
    "meanResTime" : 261.9629442788353,
    "medianResTime" : 254.0,
    "minResTime" : 216.0,
    "maxResTime" : 936.0,
    "pct1ResTime" : 276.0,
    "pct2ResTime" : 287.0,
    "pct3ResTime" : 540.0,
    "throughput" : 36.33318892258473,
    "receivedKBytesPerSec" : 14.824428336513147,
    "sentKBytesPerSec" : 81.66312463289816
  },
  "TC02-P2 Get Player Questions" : {
    "transaction" : "TC02-P2 Get Player Questions",
    "sampleCount" : 21777,
    "errorCount" : 18,
    "errorPct" : 0.08265601,
    "meanResTime" : 326.17151122744417,
    "medianResTime" : 301.0,
    "minResTime" : 248.0,
    "maxResTime" : 7261.0,
    "pct1ResTime" : 361.0,
    "pct2ResTime" : 409.9500000000007,
    "pct3ResTime" : 632.9800000000032,
    "throughput" : 36.302865620884525,
    "receivedKBytesPerSec" : 12.055925919365862,
    "sentKBytesPerSec" : 44.25750416496491
  },
  "TC02-H2 Start Game" : {
    "transaction" : "TC02-H2 Start Game",
    "sampleCount" : 855,
    "errorCount" : 0,
    "errorPct" : 0.0,
    "meanResTime" : 317.3356725146201,
    "medianResTime" : 271.0,
    "minResTime" : 238.0,
    "maxResTime" : 1440.0,
    "pct1ResTime" : 313.4,
    "pct2ResTime" : 380.39999999999986,
    "pct3ResTime" : 1323.1999999999998,
    "throughput" : 1.446619731893143,
    "receivedKBytesPerSec" : 1.6860409814257409,
    "sentKBytesPerSec" : 1.989454070775236
  }
}