{
  "TC02-H1 Create Room (Firestore)" : {
    "transaction" : "TC02-H1 Create Room (Firestore)",
    "sampleCount" : 1455,
    "errorCount" : 0,
    "errorPct" : 0.0,
    "meanResTime" : 328.9127147766321,
    "medianResTime" : 262.0,
    "minResTime" : 239.0,
    "maxResTime" : 2030.0,
    "pct1ResTime" : 296.8000000000002,
    "pct2ResTime" : 1285.0,
    "pct3ResTime" : 1346.0,
    "throughput" : 4.891808657997014,
    "receivedKBytesPerSec" : 5.37006280342662,
    "sentKBytesPerSec" : 7.849259483552765
  },
  "TC02-P3 Submit Answer (validateAnswer)" : {
    "transaction" : "TC02-P3 Submit Answer (validateAnswer)",
    "sampleCount" : 949,
    "errorCount" : 949,
    "errorPct" : 100.0,
    "meanResTime" : 46682.76396206529,
    "medianResTime" : 60445.0,
    "minResTime" : 233.0,
    "maxResTime" : 82298.0,
    "pct1ResTime" : 62276.0,
    "pct2ResTime" : 64562.0,
    "pct3ResTime" : 72373.5,
    "throughput" : 2.6606780383317075,
    "receivedKBytesPerSec" : 0.7885444571894381,
    "sentKBytesPerSec" : 3.2081155236124665
  },
  "Total" : {
    "transaction" : "Total",
    "sampleCount" : 18118,
    "errorCount" : 1037,
    "errorPct" : 5.72359,
    "meanResTime" : 2741.4079368583552,
    "medianResTime" : 270.0,
    "minResTime" : 217.0,
    "maxResTime" : 82298.0,
    "pct1ResTime" : 461.0,
    "pct2ResTime" : 5347.199999999953,
    "pct3ResTime" : 62005.62,
    "throughput" : 49.37161418309844,
    "receivedKBytesPerSec" : 24.097528323857134,
    "sentKBytesPerSec" : 82.37219744030199
  },
  "TC02-P1 Join Room (RTDB)" : {
    "transaction" : "TC02-P1 Join Room (RTDB)",
    "sampleCount" : 7162,
    "errorCount" : 0,
    "errorPct" : 0.0,
    "meanResTime" : 266.05417481150454,
    "medianResTime" : 248.0,
    "minResTime" : 217.0,
    "maxResTime" : 1041.0,
    "pct1ResTime" : 277.0,
    "pct2ResTime" : 495.0,
    "pct3ResTime" : 577.0,
    "throughput" : 23.85615690036507,
    "receivedKBytesPerSec" : 9.743349371785648,
    "sentKBytesPerSec" : 53.62779423814853
  },
  "TC02-P2 Get Player Questions" : {
    "transaction" : "TC02-P2 Get Player Questions",
    "sampleCount" : 7119,
    "errorCount" : 88,
    "errorPct" : 1.2361287,
    "meanResTime" : 357.26127265065423,
    "medianResTime" : 310.0,
    "minResTime" : 245.0,
    "maxResTime" : 7385.0,
    "pct1ResTime" : 401.0,
    "pct2ResTime" : 465.0,
    "pct3ResTime" : 924.6000000000004,
    "throughput" : 23.5677751477331,
    "receivedKBytesPerSec" : 7.84074632632877,
    "sentKBytesPerSec" : 28.73088806424114
  },
  "TC02-H2 Start Game" : {
    "transaction" : "TC02-H2 Start Game",
    "sampleCount" : 1433,
    "errorCount" : 0,
    "errorPct" : 0.0,
    "meanResTime" : 306.695743196092,
    "medianResTime" : 262.0,
    "minResTime" : 239.0,
    "maxResTime" : 1401.0,
    "pct1ResTime" : 287.0,
    "pct2ResTime" : 363.89999999999986,
    "pct3ResTime" : 1326.6200000000006,
    "throughput" : 4.935116817280141,
    "receivedKBytesPerSec" : 5.75507241565014,
    "sentKBytesPerSec" : 6.78746385513383
  }
}