{
  "TC03-01 Ask RAG" : {
    "transaction" : "TC03-01 Ask RAG",
    "sampleCount" : 45,
    "errorCount" : 0,
    "errorPct" : 0.0,
    "meanResTime" : 14568.177777777777,
    "medianResTime" : 13690.0,
    "minResTime" : 3769.0,
    "maxResTime" : 30114.0,
    "pct1ResTime" : 25120.6,
    "pct2ResTime" : 27826.6,
    "pct3ResTime" : 30114.0,
    "throughput" : 0.4292172984109422,
    "receivedKBytesPerSec" : 2.40338400581351,
    "sentKBytesPerSec" : 0.5433119748049446
  },
  "Total" : {
    "transaction" : "Total",
    "sampleCount" : 45,
    "errorCount" : 0,
    "errorPct" : 0.0,
    "meanResTime" : 14568.177777777777,
    "medianResTime" : 13690.0,
    "minResTime" : 3769.0,
    "maxResTime" : 30114.0,
    "pct1ResTime" : 25120.6,
    "pct2ResTime" : 27826.6,
    "pct3ResTime" : 30114.0,
    "throughput" : 0.4292172984109422,
    "receivedKBytesPerSec" : 2.40338400581351,
    "sentKBytesPerSec" : 0.5433119748049446
  }
}