{
  "TC01-01 GET Quiz Info" : {
    "transaction" : "TC01-01 GET Quiz Info",
    "sampleCount" : 35141,
    "errorCount" : 0,
    "errorPct" : 0.0,
    "meanResTime" : 522.0367661705724,
    "medianResTime" : 322.5,
    "minResTime" : 231.0,
    "maxResTime" : 2007.0,
    "pct1ResTime" : 898.0,
    "pct2ResTime" : 931.0,
    "pct3ResTime" : 1194.0,
    "throughput" : 58.50972609103215,
    "receivedKBytesPerSec" : 1832.6480963183128,
    "sentKBytesPerSec" : 67.84484318884334
  },
  "Total" : {
    "transaction" : "Total",
    "sampleCount" : 105316,
    "errorCount" : 0,
    "errorPct" : 0.0,
    "meanResTime" : 520.9544703558956,
    "medianResTime" : 333.0,
    "minResTime" : 226.0,
    "maxResTime" : 2184.0,
    "pct1ResTime" : 895.0,
    "pct2ResTime" : 908.0,
    "pct3ResTime" : 999.9900000000016,
    "throughput" : 175.28885811582288,
    "receivedKBytesPerSec" : 1920.3839401888522,
    "sentKBytesPerSec" : 230.35163349743016
  },
  "TC01-02 GET Questions" : {
    "transaction" : "TC01-02 GET Questions",
    "sampleCount" : 35105,
    "errorCount" : 0,
    "errorPct" : 0.0,
    "meanResTime" : 513.841902862844,
    "medianResTime" : 319.0,
    "minResTime" : 226.0,
    "maxResTime" : 2184.0,
    "pct1ResTime" : 895.0,
    "pct2ResTime" : 922.0,
    "pct3ResTime" : 1186.0,
    "throughput" : 58.70715489792096,
    "receivedKBytesPerSec" : 24.3885790606688,
    "sentKBytesPerSec" : 68.64701744334563
  },
  "TC01-04 POST Quiz Result" : {
    "transaction" : "TC01-04 POST Quiz Result",
    "sampleCount" : 35070,
    "errorCount" : 0,
    "errorPct" : 0.0,
    "meanResTime" : 526.9896492728778,
    "medianResTime" : 330.0,
    "minResTime" : 240.0,
    "maxResTime" : 2134.0,
    "pct1ResTime" : 913.0,
    "pct2ResTime" : 940.0,
    "pct3ResTime" : 1193.9800000000032,
    "throughput" : 59.088848938439426,
    "receivedKBytesPerSec" : 64.9011689718675,
    "sentKBytesPerSec" : 95.36789579587978
  }
}