{
  "TC02-H1 Create Room (Firestore)" : {
    "transaction" : "TC02-H1 Create Room (Firestore)",
    "sampleCount" : 1668,
    "errorCount" : 0,
    "errorPct" : 0.0,
    "meanResTime" : 353.0641486810561,
    "medianResTime" : 271.0,
    "minResTime" : 239.0,
    "maxResTime" : 2165.0,
    "pct1ResTime" : 352.0,
    "pct2ResTime" : 1260.55,
    "pct3ResTime" : 1334.0299999999993,
    "throughput" : 2.794325575785192,
    "receivedKBytesPerSec" : 3.066986437972003,
    "sentKBytesPerSec" : 4.483316500509278
  },
  "TC02-P3 Submit Answer (validateAnswer)" : {
    "transaction" : "TC02-P3 Submit Answer (validateAnswer)",
    "sampleCount" : 500,
    "errorCount" : 500,
    "errorPct" : 100.0,
    "meanResTime" : 45817.364,
    "medianResTime" : 60327.5,
    "minResTime" : 245.0,
    "maxResTime" : 82846.0,
    "pct1ResTime" : 62176.700000000004,
    "pct2ResTime" : 65361.75,
    "pct3ResTime" : 71904.67,
    "throughput" : 1.2232804957711192,
    "receivedKBytesPerSec" : 0.3616084043651541,
    "sentKBytesPerSec" : 1.4745356197872959
  },
  "Total" : {
    "transaction" : "Total",
    "sampleCount" : 114381,
    "errorCount" : 542,
    "errorPct" : 0.47385493,
    "meanResTime" : 486.38868343518226,
    "medianResTime" : 266.0,
    "minResTime" : 218.0,
    "maxResTime" : 82846.0,
    "pct1ResTime" : 320.0,
    "pct2ResTime" : 343.0,
    "pct3ResTime" : 552.0,
    "throughput" : 188.367681012875,
    "receivedKBytesPerSec" : 73.82512047436934,
    "sentKBytesPerSec" : 324.7908321369697
  },
  "TC02-P1 Join Room (RTDB)" : {
    "transaction" : "TC02-P1 Join Room (RTDB)",
    "sampleCount" : 55300,
    "errorCount" : 0,
    "errorPct" : 0.0,
    "meanResTime" : 260.2934719710684,
    "medianResTime" : 253.0,
    "minResTime" : 218.0,
    "maxResTime" : 988.0,
    "pct1ResTime" : 275.0,
    "pct2ResTime" : 284.0,
    "pct3ResTime" : 535.0,
    "throughput" : 92.12950776520137,
    "receivedKBytesPerSec" : 37.599603706713296,
    "sentKBytesPerSec" : 207.08135348950924
  },
  "TC02-P2 Get Player Questions" : {
    "transaction" : "TC02-P2 Get Player Questions",
    "sampleCount" : 55257,
    "errorCount" : 42,
    "errorPct" : 0.07600847,
    "meanResTime" : 311.4476898854424,
    "medianResTime" : 280.0,
    "minResTime" : 244.0,
    "maxResTime" : 5700.0,
    "pct1ResTime" : 336.0,
    "pct2ResTime" : 368.0,
    "pct3ResTime" : 569.0,
    "throughput" : 92.13215997118839,
    "receivedKBytesPerSec" : 30.595699640521676,
    "sentKBytesPerSec" : 112.31973100244181
  },
  "TC02-H2 Start Game" : {
    "transaction" : "TC02-H2 Start Game",
    "sampleCount" : 1656,
    "errorCount" : 0,
    "errorPct" : 0.0,
    "meanResTime" : 321.33876811594234,
    "medianResTime" : 270.0,
    "minResTime" : 239.0,
    "maxResTime" : 1392.0,
    "pct1ResTime" : 302.29999999999995,
    "pct2ResTime" : 531.8999999999883,
    "pct3ResTime" : 1302.2900000000002,
    "throughput" : 2.799926958427171,
    "receivedKBytesPerSec" : 3.2645521886898847,
    "sentKBytesPerSec" : 3.851014093789945
  }
}